Model,Precision,Recall,AUC
C=1.0,1.0,0.926829268292683,0.9997822299651569
C=0.01,1.0,0.926829268292683,0.9983667247386759
