Column 1,Column 2,Pearson,Spearman,Absolute Difference
Value,Year_Index,-0.3593802857587989,0.11669435614298808,0.47607464190178694
Year,Value,-0.3593802857587932,0.11669435614298808,0.4760746419017813
Year,Value_Log,-0.21875456504409665,0.11669435614298808,0.33544892118708475
Value_Log,Year_Index,-0.21875456504409427,0.11669435614298808,0.33544892118708236
Value,Value_Log,0.8522227072143945,1.0,0.14777729278560547
Year,Year_Index,0.9999999999999997,1.0,3.3306690738754696e-16
