Model,MSE,R²
Linear Regression,14905134014.198002,0.9999999999984899
Ridge Regression,2.1261266688455254e+17,0.9999784587481637
