Threshold,Precision,Recall,F1
0.3,1.0,0.975609756097561,0.9876543209876543
0.4,1.0,0.926829268292683,0.9620253164556962
0.5,1.0,0.926829268292683,0.9620253164556962
0.6000000000000001,1.0,0.926829268292683,0.9620253164556962
0.7000000000000002,1.0,0.926829268292683,0.9620253164556962
